/*Clientes*/
insert into Cliente(idCliente,primeiroNome,ultimoNome,sobreNome,dataAtualizacao,registroGeral,endereço,CPF,dataNascimento,telefone,email,dataCadastro)values(1,'Nome1','UltNome1','MeioNome1','2023-07-22','1234567','Rua Falsa 1','12345678909','1523-01-01','00999999991','contato_name1@sintetico.net','2023-07-22')
,(2,'Nome2','UltNome2','MeioNome2','2023-07-22','1234568','Rua Falsa 2','12345678910','1523-01-02','00999999992','contato_name2@sintetico.net','2023-07-22');
,(3,'Nome3','UltNome3','MeioNome3','2023-07-22','1234569','Rua Falsa 3','12345678911','1523-01-03','00999999993','contato_name3@sintetico.net','2023-07-22');
,(4,'Nome4','UltNome4','MeioNome4','2023-07-22','1234570','Rua Falsa 4','12345678912','1523-01-04','00999999994','contato_name4@sintetico.net','2023-07-22');
,(5,'Nome5','UltNome5','MeioNome5','2023-07-22','1234571','Rua Falsa 5','12345678913','1523-01-05','00999999995','contato_name5@sintetico.net','2023-07-22');
,(6,'Nome6','UltNome6','MeioNome6','2023-07-22','1234572','Rua Falsa 6','12345678914','1523-01-06','00999999996','contato_name6@sintetico.net','2023-07-22');
,(7,'Nome7','UltNome7','MeioNome7','2023-07-22','1234573','Rua Falsa 7','12345678915','1523-01-07','00999999997','contato_name7@sintetico.net','2023-07-22');
,(8,'Nome8','UltNome8','MeioNome8','2023-07-22','1234574','Rua Falsa 8','12345678916','1523-01-08','00999999998','contato_name8@sintetico.net','2023-07-22');
,(9,'Nome9','UltNome9','MeioNome9','2023-07-22','1234575','Rua Falsa 9','12345678917','1523-01-09','00999999999','contato_name9@sintetico.net','2023-07-22');
,(10,'Nome10','UltNome10','MeioNome10','2023-07-22','1234576','Rua Falsa 10','12345678918','1523-01-10','00999999990','contato_name10@sintetico.net','2023-07-22');

/*Fornecedores*/
insert into Fornecedor(idFornecedor,endereco,razaoSocial,nomeFantasia,CNPJ,telefone,email,inscricaoEstadual)values(1,'Rua Fornecedor1','Fornecedor1','FornecedorFalso1','12345452000180','0011223350','contato_name1@sintetico.net','4848941250')
,(2,'Rua Fornecedor2','Fornecedor2','FornecedorFalso2','12345452000181','0011223351','contato_name2@sintetico.net','4848941251')
,(3,'Rua Fornecedor3','Fornecedor3','FornecedorFalso3','12345452000182','0011223352','contato_name3@sintetico.net','4848941252')
,(4,'Rua Fornecedor4','Fornecedor4','FornecedorFalso4','12345452000183','0011223353','contato_name4@sintetico.net','4848941253')
,(5,'Rua Fornecedor5','Fornecedor5','FornecedorFalso5','12345452000184','0011223354','contato_name5@sintetico.net','4848941254')
,(6,'Rua Fornecedor6','Fornecedor6','FornecedorFalso6','12345452000185','0011223355','contato_name6@sintetico.net','4848941255')
,(7,'Rua Fornecedor7','Fornecedor7','FornecedorFalso7','12345452000186','0011223356','contato_name7@sintetico.net','4848941256')
,(8,'Rua Fornecedor8','Fornecedor8','FornecedorFalso8','12345452000187','0011223357','contato_name8@sintetico.net','4848941257')
,(9,'Rua Fornecedor9','Fornecedor9','FornecedorFalso9','12345452000188','0011223358','contato_name9@sintetico.net','4848941258')
,(10,'Rua Fornecedor10','Fornecedor10','FornecedorFalso10','12345452000189','0011223359','contato_name10@sintetico.net','4848941259')

/*Produtos*/
insert into Produto(idProduto,nomeProduto,codigo,categoria,descrição,codigoBarra,ValorVenda,valorCusto)values(1,'Produto1',1020,'Kids','Produto Novo',7895634218922410,11.39,8.9)
,(2,'Produto2',1021,'eletronicos','Produto Novo',7895634218922411,13.09,10.23)
,(3,'Produto3',1022,'Kids','Produto Novo',7895634218922412,14.40,11.25)
,(4,'Produto4',1023,'eletrodomesticos','Produto Novo',7895634218922413,200.83,156.90)
,(5,'Produto5',1024,'eletrodomesticos','Produto Novo',7895634218922414,256.00,200.00)
,(6,'Produto6',1025,'eletrodomesticos','Produto Novo',7895634218922415,41.15,32.15)
,(7,'Produto7',1026,'eletrodomesticos','Produto Novo',7895634218922416,101.95,79.65)
,(8,'Produto8',1027,'vestimentas','Produto Novo',7895634218922417,23.04,18.00)
,(9,'Produto9',1028,'eletronicos','Produto Novo',7895634218922418,25.60,20.00)
,(10,'Produto10',1029,'Kids','Produto Novo',7895634218922419,0.19,0.15)

/*Vendedor*/
insert into Vendedor(idVendedor,endereco,areaAtuacao,razaoSocial,nomeFantasia,CNPJ,CPF,telefone,email)values(1,'Rua Vendedor1','Sul','EmpresaVendedor1','EmpresaFalsaVendedor1','124563000150','12345678960','32999999990','vendedor1@vendasfalsas.net')
,(2,'Rua Vendedor2','Oeste','EmpresaVendedor2','EmpresaFalsaVendedor2','124563000151','12345678961','32999999991','vendedor1@vendasfalsas.net')
,(3,'Rua Vendedor3','Norte','EmpresaVendedor3','EmpresaFalsaVendedor3','124563000152','12345678962','32999999992','vendedor1@vendasfalsas.net')
,(4,'Rua Vendedor4','Sul','EmpresaVendedor4','EmpresaFalsaVendedor4','124563000153','12345678963','32999999993','vendedor1@vendasfalsas.net')
,(5,'Rua Vendedor5','Norte','EmpresaVendedor5','EmpresaFalsaVendedor5','124563000154','12345678964','32999999994','vendedor1@vendasfalsas.net')
,(6,'Rua Vendedor6','Sul','EmpresaVendedor6','EmpresaFalsaVendedor6','124563000155','12345678965','32999999995','vendedor1@vendasfalsas.net')
,(7,'Rua Vendedor7','Oeste','EmpresaVendedor7','EmpresaFalsaVendedor7','124563000156','12345678966','32999999996','vendedor1@vendasfalsas.net')
,(8,'Rua Vendedor8','Sul','EmpresaVendedor8','EmpresaFalsaVendedor8','124563000157','12345678967','32999999997','vendedor1@vendasfalsas.net')
,(9,'Rua Vendedor9','Leste','EmpresaVendedor9','EmpresaFalsaVendedor9','124563000158','12345678968','32999999998','vendedor1@vendasfalsas.net')
,(10,'Rua Vendedor10','Oeste','EmpresaVendedor10','EmpresaFalsaVendedor10','124563000159','12345678969','32999999999','vendedor1@vendasfalsas.net')

/*Estoque*/
insert into Estoque(idEstoque,localizacao,quantidade)values(1,'Galpão Azul',2000)
,(2,'Galpão Verde',45000)
,(3,'Galpão Cinza',500)

/*Pedidos*/
insert into Pedido(idCliente,idPedido,pedidoStatus)values(1,1,'Pagamento Efetuado')
,(2,2,'Pagamento Efetuado')
,(3,3,'Aguardando Confirmação de Pagamento')
,(4,4,'Entregue')
,(5,5,'Em separação')
,(6,6,'Aguardando Confirmação de Pagamento')
,(7,7,'Aguardando Confirmação de Pagamento')
,(8,8,'Em separação')
,(9,9,'Entregue')
,(10,10,'Aguardando Confirmação de Pagamento')
,(1,11,'Aguardando Confirmação de Pagamento')
,(2,12,'Entregue')
,(3,13,'Aguardando Confirmação de Pagamento')
,(4,14,'Pagamento Efetuado')
,(5,15,'Em separação')
,(6,16,'Entregue')
,(7,17,'Pagamento Efetuado')
,(8,18,'Aguardando Confirmação de Pagamento')
,(9,19,'Entregue')
,(10,20,'Aguardando Confirmação de Pagamento')
,(4,21,'Aguardando Confirmação de Pagamento')
,(1,22,'Pagamento Efetuado')
,(2,23,'Entregue')
,(3,24,'Aguardando Confirmação de Pagamento')
,(4,25,'Aguardando Confirmação de Pagamento')
,(5,26,'Em separação')
,(6,27,'Pagamento Efetuado')
,(7,28,'Enviado')
,(8,29,'Aguardando Confirmação de Pagamento')
,(9,30,'Entregue')
,(10,31,'Enviado')
,(8,32,'Pagamento Efetuado')
,(2,33,'Enviado')
,(5,34,'Entregue')
,(9,35,'Pagamento Efetuado')

/*ProdutoEstoque*/
insert into ProdutoEstoque(idProduto,idEstoque,localizacao)values(1,1,'Galpão Azul')
,(2,2,'Galpão Verde')
,(3,3,'Galpão Cinza')
,(4,4,'Galpão Cinza')
,(5,5,'Galpão Verde')
,(6,6,'Galpão Azul')
,(7,7,'Galpão Verde')
,(8,8,'Galpão Cinza')
,(9,9,'Galpão Azul')
,(10,10,'Galpão Verde')
,(1,11,'Galpão Cinza')
,(2,12,'Galpão Cinza')
,(3,13,'Galpão Verde')
,(4,14,'Galpão Azul')
,(5,15,'Galpão Verde')
,(6,16,'Galpão Cinza')
,(7,17,'Galpão Azul')
,(8,18,'Galpão Verde')
,(9,19,'Galpão Cinza')
,(10,20,'Galpão Cinza')
,(7,21,'Galpão Verde')
,(1,22,'Galpão Azul')
,(2,23,'Galpão Verde')
,(3,24,'Galpão Cinza')
,(4,25,'Galpão Azul')
,(5,26,'Galpão Verde')
,(6,27,'Galpão Cinza')
,(7,28,'Galpão Cinza')
,(8,29,'Galpão Verde')
,(9,30,'Galpão Azul')
,(10,31,'Galpão Verde')
,(8,32,'Galpão Cinza')
,(2,33,'Galpão Azul')
,(5,34,'Galpão Verde')
,(9,35,'Galpão Cinza')

/*ProdutosFornecedor*/
insert into ProdutosFornecedor(idProduto,idProdutoFornecedor,quantidade)values(1,10,1018)
,(2,7,1019)
,(3,8,1020)
,(4,9,1021)
,(5,6,1022)
,(6,3,1023)
,(7,2,1024)
,(8,7,1025)
,(9,1,1026)
,(10,8,8236)
,(1,8,8237)
,(2,6,8238)
,(3,9,8239)
,(4,8,8240)
,(5,7,12)
,(6,5,13)
,(7,3,14)
,(8,4,15)
,(9,3,16)
,(10,2,713)
,(2,10,714)
,(1,9,715)
,(2,3,716)
,(3,5,717)
,(4,6,718)
,(5,8,719)
,(6,7,720)
,(7,1,721)
,(8,2,722)
,(9,4,0)

/*ProdutosVendedor*/
insert into ProdutosVendedor(idProduto,idVendedor,idProdutoVendedor  ,Quantidade)values(1,10,8,1018)
,(2,3,6,1019)
,(3,8,9,1020)
,(4,9,8,1021)
,(5,6,7,714)
,(6,3,5,715)
,(7,2,3,716)
,(8,7,4,717)
,(9,1,4,718)
,(10,2,2,8236)
,(1,8,10,8237)
,(2,6,9,8238)
,(3,9,3,8239)
,(4,8,5,8240)
,(5,7,6,12)
,(6,5,8,13)
,(7,3,7,1018)
,(8,4,2,1019)
,(9,4,2,16)
,(10,2,1,713)
,(2,10,5,8236)
,(1,9,3,8237)
,(2,3,4,8238)
,(3,5,4,717)
,(4,6,2,718)
,(5,8,10,719)
,(6,7,9,720)
,(7,2,1,721)
,(8,2,5,722)
,(9,1,6,0)

insert into ProdutosPedido (idProduto,idPedido,idVendedor,idProdutoVendedor,statusProduto,quantidade)values(1,10,8,3,'Disponivel',1018)
,(2,3,6,5,'Disponivel',1019)
,(3,8,9,6,'Disponivel',1020)
,(4,9,8,7,'Sem Estoque',0)
,(5,6,7,8,'Disponivel',714)
,(6,3,5,2,'Sem Estoque',0)
,(7,2,3,1,'Sem Estoque',0)
,(8,7,4,1,'Disponivel',717)
,(9,1,4,5,'Disponivel',718)
,(10,2,2,3,'Sem Estoque',0)
,(1,8,10,4,'Disponivel',8237)
,(2,6,9,2,'Disponivel',8238)


